Workbook

Sheet Cadastro_Produtos
A1: Código | B1: Nome do produto | C1: Valor unitário | D1: Estoque mínimo
A2: 101 | B2: Mouse Gamer | C2: 120 | D2: 5
A3: 102 | B3: Teclado Mecânico | C3: 250 | D3: 3
A4: 103 | B4: Monitor 24 | C4: 850 | D4: 2
A5: 104 | B5: Headset | C5: 180 | D5: 4
A6: 105 | B6: Webcam HD | C6: 220 | D6: 3
A7: 106 | B7: SSD 1TB | C7: 450 | D7: 2
A8: 107 | B8: Memória RAM 16GB | C8: 320 | D8: 3
A9: 108 | B9: Fonte 650W | C9: 390 | D9: 2
A10: 109 | B10: Gabinete Gamer | C10: 500 | D10: 2
A11: 110 | B11: Placa de Vídeo RTX | C11: 3500 | D11: 1
A12: 111 | B12: Notebook | C12: 4200 | D12: 1
A13: 112 | B13: Impressora | C13: 780 | D13: 2
... A21: 120 | B21: Caixa de Som | C21: 210 | D21: 4

Sheet Entradas
A1: Data | B1: Código do produto | C1: Nome do produto | D1: Quantidade
A2: 01/05/2026 | B2: 101 | C2: =VLOOKUP(B2,Cadastro_Produtos!A:B,2,FALSE) -> Mouse Gamer | D2: 7
A3: 02/05/2026 | B3: 102 | C3: =VLOOKUP(B3,Cadastro_Produtos!A:B,2,FALSE) -> Teclado Mecânico | D3: 9
A4: 03/05/2026 | B4: 103 | C4: =VLOOKUP(B4,Cadastro_Produtos!A:B,2,FALSE) -> Monitor 24 | D4: 6
A5: 04/05/2026 | B5: 104 | C5: =VLOOKUP(B5,Cadastro_Produtos!A:B,2,FALSE) -> Headset | D5: 13
A6: 05/05/2026 | B6: 105 | C6: =VLOOKUP(B6,Cadastro_Produtos!A:B,2,FALSE) -> Webcam HD | D6: 6
A7: 06/05/2026 | B7: 106 | C7: =VLOOKUP(B7,Cadastro_Produtos!A:B,2,FALSE) -> SSD 1TB | D7: 7
A8: 07/05/2026 | B8: 107 | C8: =VLOOKUP(B8,Cadastro_Produtos!A:B,2,FALSE) -> Memória RAM 16GB | D8: 16
A9: 08/05/2026 | B9: 108 | C9: =VLOOKUP(B9,Cadastro_Produtos!A:B,2,FALSE) -> Fonte 650W | D9: 18
A10: 09/05/2026 | B10: 109 | C10: =VLOOKUP(B10,Cadastro_Produtos!A:B,2,FALSE) -> Gabinete Gamer | D10: 9
A11: 10/05/2026 | B11: 110 | C11: =VLOOKUP(B11,Cadastro_Produtos!A:B,2,FALSE) -> Placa de Vídeo RTX | D11: 17
A12: 11/05/2026 | B12: 111 | C12: =VLOOKUP(B12,Cadastro_Produtos!A:B,2,FALSE) -> Notebook | D12: 11
A13: 12/05/2026 | B13: 112 | C13: =VLOOKUP(B13,Cadastro_Produtos!A:B,2,FALSE) -> Impressora | D13: 9
... A21: 20/05/2026 | B21: 120 | C21: =VLOOKUP(B21,Cadastro_Produtos!A:B,2,FALSE) -> Caixa de Som | D21: 11

Sheet Saídas
A1: Data | B1: Código do produto | C1: Nome do produto | D1: Quantidade
A2: 01/05/2026 | B2: 101 | C2: =VLOOKUP(B2,Cadastro_Produtos!A:B,2,FALSE) -> Mouse Gamer | D2: 3
A3: 02/05/2026 | B3: 102 | C3: =VLOOKUP(B3,Cadastro_Produtos!A:B,2,FALSE) -> Teclado Mecânico | D3: 10
A4: 03/05/2026 | B4: 103 | C4: =VLOOKUP(B4,Cadastro_Produtos!A:B,2,FALSE) -> Monitor 24 | D4: 6
A5: 04/05/2026 | B5: 104 | C5: =VLOOKUP(B5,Cadastro_Produtos!A:B,2,FALSE) -> Headset | D5: 12
A6: 05/05/2026 | B6: 105 | C6: =VLOOKUP(B6,Cadastro_Produtos!A:B,2,FALSE) -> Webcam HD | D6: 4
A7: 06/05/2026 | B7: 106 | C7: =VLOOKUP(B7,Cadastro_Produtos!A:B,2,FALSE) -> SSD 1TB | D7: 5
A8: 07/05/2026 | B8: 107 | C8: =VLOOKUP(B8,Cadastro_Produtos!A:B,2,FALSE) -> Memória RAM 16GB | D8: 4
A9: 08/05/2026 | B9: 108 | C9: =VLOOKUP(B9,Cadastro_Produtos!A:B,2,FALSE) -> Fonte 650W | D9: 5
A10: 09/05/2026 | B10: 109 | C10: =VLOOKUP(B10,Cadastro_Produtos!A:B,2,FALSE) -> Gabinete Gamer | D10: 7
A11: 10/05/2026 | B11: 110 | C11: =VLOOKUP(B11,Cadastro_Produtos!A:B,2,FALSE) -> Placa de Vídeo RTX | D11: 4
A12: 11/05/2026 | B12: 111 | C12: =VLOOKUP(B12,Cadastro_Produtos!A:B,2,FALSE) -> Notebook | D12: 9
A13: 12/05/2026 | B13: 112 | C13: =VLOOKUP(B13,Cadastro_Produtos!A:B,2,FALSE) -> Impressora | D13: 8
... A21: 20/05/2026 | B21: 120 | C21: =VLOOKUP(B21,Cadastro_Produtos!A:B,2,FALSE) -> Caixa de Som | D21: 2

Sheet Controle_Estoque
A1: Código | B1: Produto | C1: Total Entradas | D1: Total Saídas | E1: Estoque Atual | F1: Valor Unitário | G1: Valor Total | H1: Situação
A2: 101 | B2: =VLOOKUP(A2,Cadastro_Produtos!A:B,2,FALSE) -> Mouse Gamer | C2: =SUMIF(Entradas!B:B,A2,Entradas!D:D) -> 7 | D2: =SUMIF('Saídas'!B:B,A2,'Saídas'!D:D) -> 3 | E2: =C2-D2 -> 4 | F2: =VLOOKUP(A2,Cadastro_Produtos!A:C,3,FALSE) -> 120 | G2: =E2*F2 -> 480 | H2: =IF(E2<VLOOKUP(A2,Cadastro_Produtos!A:D,4,FALSE),"Estoque Baixo","Estoque OK") -> Estoque Baixo
A3: 102 | B3: =VLOOKUP(A3,Cadastro_Produtos!A:B,2,FALSE) -> Teclado Mecânico | C3: =SUMIF(Entradas!B:B,A3,Entradas!D:D) -> 9 | D3: =SUMIF('Saídas'!B:B,A3,'Saídas'!D:D) -> 10 | E3: =C3-D3 -> -1 | F3: =VLOOKUP(A3,Cadastro_Produtos!A:C,3,FALSE) -> 250 | G3: =E3*F3 -> -250 | H3: =IF(E3<VLOOKUP(A3,Cadastro_Produtos!A:D,4,FALSE),"Estoque Baixo","Estoque OK") -> Estoque Baixo
A4: 103 | B4: =VLOOKUP(A4,Cadastro_Produtos!A:B,2,FALSE) -> Monitor 24 | C4: =SUMIF(Entradas!B:B,A4,Entradas!D:D) -> 6 | D4: =SUMIF('Saídas'!B:B,A4,'Saídas'!D:D) -> 6 | E4: =C4-D4 -> 0 | F4: =VLOOKUP(A4,Cadastro_Produtos!A:C,3,FALSE) -> 850 | G4: =E4*F4 -> 0 | H4: =IF(E4<VLOOKUP(A4,Cadastro_Produtos!A:D,4,FALSE),"Estoque Baixo","Estoque OK") -> Estoque Baixo
A5: 104 | B5: =VLOOKUP(A5,Cadastro_Produtos!A:B,2,FALSE) -> Headset | C5: =SUMIF(Entradas!B:B,A5,Entradas!D:D) -> 13 | D5: =SUMIF('Saídas'!B:B,A5,'Saídas'!D:D) -> 12 | E5: =C5-D5 -> 1 | F5: =VLOOKUP(A5,Cadastro_Produtos!A:C,3,FALSE) -> 180 | G5: =E5*F5 -> 180 | H5: =IF(E5<VLOOKUP(A5,Cadastro_Produtos!A:D,4,FALSE),"Estoque Baixo","Estoque OK") -> Estoque Baixo
A6: 105 | B6: =VLOOKUP(A6,Cadastro_Produtos!A:B,2,FALSE) -> Webcam HD | C6: =SUMIF(Entradas!B:B,A6,Entradas!D:D) -> 6 | D6: =SUMIF('Saídas'!B:B,A6,'Saídas'!D:D) -> 4 | E6: =C6-D6 -> 2 | F6: =VLOOKUP(A6,Cadastro_Produtos!A:C,3,FALSE) -> 220 | G6: =E6*F6 -> 440 | H6: =IF(E6<VLOOKUP(A6,Cadastro_Produtos!A:D,4,FALSE),"Estoque Baixo","Estoque OK") -> Estoque Baixo
A7: 106 | B7: =VLOOKUP(A7,Cadastro_Produtos!A:B,2,FALSE) -> SSD 1TB | C7: =SUMIF(Entradas!B:B,A7,Entradas!D:D) -> 7 | D7: =SUMIF('Saídas'!B:B,A7,'Saídas'!D:D) -> 5 | E7: =C7-D7 -> 2 | F7: =VLOOKUP(A7,Cadastro_Produtos!A:C,3,FALSE) -> 450 | G7: =E7*F7 -> 900 | H7: =IF(E7<VLOOKUP(A7,Cadastro_Produtos!A:D,4,FALSE),"Estoque Baixo","Estoque OK") -> Estoque OK
A8: 107 | B8: =VLOOKUP(A8,Cadastro_Produtos!A:B,2,FALSE) -> Memória RAM 16GB | C8: =SUMIF(Entradas!B:B,A8,Entradas!D:D) -> 16 | D8: =SUMIF('Saídas'!B:B,A8,'Saídas'!D:D) -> 4 | E8: =C8-D8 -> 12 | F8: =VLOOKUP(A8,Cadastro_Produtos!A:C,3,FALSE) -> 320 | G8: =E8*F8 -> 3840 | H8: =IF(E8<VLOOKUP(A8,Cadastro_Produtos!A:D,4,FALSE),"Estoque Baixo","Estoque OK") -> Estoque OK
A9: 108 | B9: =VLOOKUP(A9,Cadastro_Produtos!A:B,2,FALSE) -> Fonte 650W | C9: =SUMIF(Entradas!B:B,A9,Entradas!D:D) -> 18 | D9: =SUMIF('Saídas'!B:B,A9,'Saídas'!D:D) -> 5 | E9: =C9-D9 -> 13 | F9: =VLOOKUP(A9,Cadastro_Produtos!A:C,3,FALSE) -> 390 | G9: =E9*F9 -> 5070 | H9: =IF(E9<VLOOKUP(A9,Cadastro_Produtos!A:D,4,FALSE),"Estoque Baixo","Estoque OK") -> Estoque OK
A10: 109 | B10: =VLOOKUP(A10,Cadastro_Produtos!A:B,2,FALSE) -> Gabinete Gamer | C10: =SUMIF(Entradas!B:B,A10,Entradas!D:D) -> 9 | D10: =SUMIF('Saídas'!B:B,A10,'Saídas'!D:D) -> 7 | E10: =C10-D10 -> 2 | F10: =VLOOKUP(A10,Cadastro_Produtos!A:C,3,FALSE) -> 500 | G10: =E10*F10 -> 1000 | H10: =IF(E10<VLOOKUP(A10,Cadastro_Produtos!A:D,4,FALSE),"Estoque Baixo","Estoque OK") -> Estoque OK
A11: 110 | B11: =VLOOKUP(A11,Cadastro_Produtos!A:B,2,FALSE) -> Placa de Vídeo RTX | C11: =SUMIF(Entradas!B:B,A11,Entradas!D:D) -> 17 | D11: =SUMIF('Saídas'!B:B,A11,'Saídas'!D:D) -> 4 | E11: =C11-D11 -> 13 | F11: =VLOOKUP(A11,Cadastro_Produtos!A:C,3,FALSE) -> 3500 | G11: =E11*F11 -> 45500 | H11: =IF(E11<VLOOKUP(A11,Cadastro_Produtos!A:D,4,FALSE),"Estoque Baixo","Estoque OK") -> Estoque OK
A12: 111 | B12: =VLOOKUP(A12,Cadastro_Produtos!A:B,2,FALSE) -> Notebook | C12: =SUMIF(Entradas!B:B,A12,Entradas!D:D) -> 11 | D12: =SUMIF('Saídas'!B:B,A12,'Saídas'!D:D) -> 9 | E12: =C12-D12 -> 2 | F12: =VLOOKUP(A12,Cadastro_Produtos!A:C,3,FALSE) -> 4200 | G12: =E12*F12 -> 8400 | H12: =IF(E12<VLOOKUP(A12,Cadastro_Produtos!A:D,4,FALSE),"Estoque Baixo","Estoque OK") -> Estoque OK
A13: 112 | B13: =VLOOKUP(A13,Cadastro_Produtos!A:B,2,FALSE) -> Impressora | C13: =SUMIF(Entradas!B:B,A13,Entradas!D:D) -> 9 | D13: =SUMIF('Saídas'!B:B,A13,'Saídas'!D:D) -> 8 | E13: =C13-D13 -> 1 | F13: =VLOOKUP(A13,Cadastro_Produtos!A:C,3,FALSE) -> 780 | G13: =E13*F13 -> 780 | H13: =IF(E13<VLOOKUP(A13,Cadastro_Produtos!A:D,4,FALSE),"Estoque Baixo","Estoque OK") -> Estoque Baixo
... A21: 120 | B21: =VLOOKUP(A21,Cadastro_Produtos!A:B,2,FALSE) -> Caixa de Som | C21: =SUMIF(Entradas!B:B,A21,Entradas!D:D) -> 11 | D21: =SUMIF('Saídas'!B:B,A21,'Saídas'!D:D) -> 2 | E21: =C21-D21 -> 9 | F21: =VLOOKUP(A21,Cadastro_Produtos!A:C,3,FALSE) -> 210 | G21: =E21*F21 -> 1890 | H21: =IF(E21<VLOOKUP(A21,Cadastro_Produtos!A:D,4,FALSE),"Estoque Baixo","Estoque OK") -> Estoque OK

Sheet Consulta
A1: Código digitado | B1: Nome do produto | C1: Estoque atual | D1: Valor unitário
A2: 103 | B2: =IFERROR(VLOOKUP(A2,Controle_Estoque!A:B,2,FALSE),"Não encontrado") -> Monitor 24 | C2: =IFERROR(VLOOKUP(A2,Controle_Estoque!A:E,5,FALSE),"Não encontrado") -> 0 | D2: =IFERROR(VLOOKUP(A2,Controle_Estoque!A:F,6,FALSE),"Não encontrado") -> 850

Sheet Gráficos
A1: Produto | B1: Estoque Atual | C1: Valor Total
A2: =Controle_Estoque!B2 -> Mouse Gamer | B2: =Controle_Estoque!E2 -> 4 | C2: =Controle_Estoque!G2 -> 480
A3: =Controle_Estoque!B3 -> Teclado Mecânico | B3: =Controle_Estoque!E3 -> -1 | C3: =Controle_Estoque!G3 -> -250
A4: =Controle_Estoque!B4 -> Monitor 24 | B4: =Controle_Estoque!E4 -> 0 | C4: =Controle_Estoque!G4 -> 0
A5: =Controle_Estoque!B5 -> Headset | B5: =Controle_Estoque!E5 -> 1 | C5: =Controle_Estoque!G5 -> 180
A6: =Controle_Estoque!B6 -> Webcam HD | B6: =Controle_Estoque!E6 -> 2 | C6: =Controle_Estoque!G6 -> 440
A7: =Controle_Estoque!B7 -> SSD 1TB | B7: =Controle_Estoque!E7 -> 2 | C7: =Controle_Estoque!G7 -> 900
A8: =Controle_Estoque!B8 -> Memória RAM 16GB | B8: =Controle_Estoque!E8 -> 12 | C8: =Controle_Estoque!G8 -> 3840
A9: =Controle_Estoque!B9 -> Fonte 650W | B9: =Controle_Estoque!E9 -> 13 | C9: =Controle_Estoque!G9 -> 5070
A10: =Controle_Estoque!B10 -> Gabinete Gamer | B10: =Controle_Estoque!E10 -> 2 | C10: =Controle_Estoque!G10 -> 1000
A11: =Controle_Estoque!B11 -> Placa de Vídeo RTX | B11: =Controle_Estoque!E11 -> 13 | C11: =Controle_Estoque!G11 -> 45500
A12: =Controle_Estoque!B12 -> Notebook | B12: =Controle_Estoque!E12 -> 2 | C12: =Controle_Estoque!G12 -> 8400
A13: =Controle_Estoque!B13 -> Impressora | B13: =Controle_Estoque!E13 -> 1 | C13: =Controle_Estoque!G13 -> 780
... A21: =Controle_Estoque!B21 -> Caixa de Som | B21: =Controle_Estoque!E21 -> 9 | C21: =Controle_Estoque!G21 -> 1890
